Orden,Libro,Capítulo,Título del capítulo,Autor citado,Forma normalizada,Obra asociada,Pasaje / contexto,Función de la cita,Tipo de fuente,Observaciones
1,I,I,"De la venida de Tubal, y de la fertilidad de España",Cayo Plinio Segundo,Plinio el Viejo,,"Cayo Plinio Segundo (Plinio el Viejo, s. I). Autor romano. Principal obra: Naturalis Historia (Historia Natural), es la que cita Mariana. Enciclopedia en 37 libros, compuesta hacia el 77 d. C. y dedicada al emperador Tito. Es la única obra conservada de Plinio. Geografía de Hispania y sus riquezas materiales. El libro III de la Naturalis Historia es una fuente fundamental porque describe: provincias romanas de Hispania, ciudades y conventus, pueblos indígenas, recursos naturales.",Autoridad geográfica/toponímica,Clásica romana,Borrador desde notas Word; pendiente relocalizar en 1601 y contrastar con 1617 solo si hace falta OCR.
2,I,II,Del asiento y circunferencia de España,Cayo Julio Solino,Solino,,"Cayo Julio Solino (Gaius Iulius Solinus, s. III probáblemente). Compilador y geógrafo romano. Obra principal: Collectanea Rerum Memorabilium (Colección de Cosas Memorables). Obra enciclopédica y geográfica que describe regiones del mundo, pueblos, animales, plantas y fenómenos extraordinarios.",Autoridad geográfica/toponímica,Clásica romana / compilatoria,Borrador desde notas Word; pendiente relocalizar en 1601 y contrastar con 1617 solo si hace falta OCR.
3,I,II,Del asiento y circunferencia de España,Pomponio Mela,Pomponio Mela,,"Pomponio Mela (Pomponius Mela, s. I), geógrafo romano. Obra principal: De Chorographia (Sobre la descripción del mundo) o De Situ Orbis. Es un tratado geográfico en tres libros que describe el mundo conocido desde la perspectiva del Imperio romano. La obra constituye el único tratado geográfico latino completo conservado anterior a Plinio el Viejo. El texto se transmitió a través de numerosos manuscritos medievales con variantes.",Autoridad bibliográfica o de transmisión textual,Clásica romana,Borrador desde notas Word; pendiente relocalizar en 1601 y contrastar con 1617 solo si hace falta OCR.
4,I,II,Del asiento y circunferencia de España,Marco Juniano Justino,Justino,,"Marco Juniano Justino (Marcus Iunianus Iustinus, s. II o III probáblemente). Historiador o, más precisamente, epitomista (resumidor) romano. Para geografía de España. Epitoma Historiarum Philippicarum Pompei Trogi (Epitome de las Historiae Philippicae de Pompeyo Trogo). Esta obra constituye un resumen o compendio de la historia universal escrita por: Pompeyo Trogo. La obra original de Trogo —compuesta en la época de Augusto— se ha perdido casi por completo, de modo que el texto de Justino constituye la principal vía de transmisión de esta tradición historiográfica.",Autoridad geográfica/toponímica,Clásica romana / epítome,Borrador desde notas Word; pendiente relocalizar en 1601 y contrastar con 1617 solo si hace falta OCR.
5,I,III,De los montes y ríos principales de España,Solino,Solino,,Mención a Solino (para Geografía).,Autoridad geográfica/toponímica,Clásica romana / compilatoria,Borrador desde notas Word; pendiente relocalizar en 1601 y contrastar con 1617 solo si hace falta OCR.
6,I,IV,"De dos divisiones de España, la antigua, y la moderna",San Isidoro,Isidoro de Sevilla,,"San Isidoro de Sevilla (Isidorus Hispalensis, s. VI-VII). Etymologiae (Etimologías). Sobre la división de España por parte Constantino en Tarraconense, Cartaginense, y Galicia→ Historia Gothorum, Vandalorum et Suevorum, y Chronica maiora. Entre estas obras, las que tienen mayor relevancia para la historiografía de la España antigua y altomedieval —y por tanto para Juan de Mariana— son principalmente Historia Gothorum y Chronica.",Autoridad narrativa bélica,Medieval / patrística hispana,Borrador desde notas Word; pendiente relocalizar en 1601 y contrastar con 1617 solo si hace falta OCR.
7,I,IV,"De dos divisiones de España, la antigua, y la moderna",Sexto Rufo,Sexto Rufo / Rufo Festo,,"Sexto Rufo (Sextus Rufus, s. IV posíblemente), para lo mismo. Historiador romano. Breviarium Rerum Gestarum Populi Romani (Breviario de las Hazañas del Pueblo Romano). No se si es la que usa. (también citado en la tradición manuscrita como Breviarium de historia Romana). En la tradición humanista del siglo XVI, el Breviarium circulaba frecuentemente junto a otros compendios de historia romana (Eutropio, Aurelio Víctor). Por ello: Mariana pudo consultarlo en ediciones renacentistas que reunían estos autores.",Autoridad bibliográfica o de transmisión textual,Tardorromana / compendio,Borrador desde notas Word; pendiente relocalizar en 1601 y contrastar con 1617 solo si hace falta OCR.
8,I,IV,"De dos divisiones de España, la antigua, y la moderna",Plinio,Plinio el Viejo,,Vuelve a mencionar a Plinio.,Autoridad historiográfica de apoyo,Clásica romana,Borrador desde notas Word; pendiente relocalizar en 1601 y contrastar con 1617 solo si hace falta OCR.
9,I,IV,"De dos divisiones de España, la antigua, y la moderna",Claudio Ptolomeo,Ptolomeo,,"Claudio Ptolomeo (Claudius Ptolemaeus, s. II). Sobre la geografía de España. Geographike Hyphegesis (Guía Geográfica o Geografía). Para la historiografía de España y, en particular, para el uso que hace Juan de Mariana de las fuentes clásicas, la obra fundamental es la Geographia, tratado geográfico que contiene una descripción sistemática del mundo conocido con coordenadas geográficas.",Autoridad geográfica/toponímica,Clásica grecorromana,Borrador desde notas Word; pendiente relocalizar en 1601 y contrastar con 1617 solo si hace falta OCR.
10,I,VII,De los reyes fabulosos (inventados) de España,Falso Beroso,Pseudo-Beroso / Annio de Viterbo,,"Falso Beroso o pseudo Beroso. El original finales s. IV a.C., pero falsificación del siglo XV-XVI atribuida a Annio de Viterbo (Giovanni Nanni). Para desacreditar información acerca de los reyes españoles que son falsos. La obra falsificada aparece en la colección publicada por Annio da Viterbo: Antiquitatum Variarum volumina XVII. Dentro de esta compilación Annio incluyó supuestos fragmentos de autores antiguos inexistentes o falsificados, entre ellos: Berosi Chaldaici Antiquitates (atribuidas al historiador babilónico Beroso). Estos textos pretendían reconstruir una historia universal muy antigua basada en tradiciones orientales y bíblicas.",Fuente problemática o usada críticamente,Falsificación humanista,Borrador desde notas Word; pendiente relocalizar en 1601 y contrastar con 1617 solo si hace falta OCR. Caso crítico/problemático.
11,I,VII,De los reyes fabulosos (inventados) de España,Plinio,Plinio el Viejo,,"Nueva mención a Plinio y Apiano. Sobre los distintos pueblos en España, y nombres de reyes. San Isidoro, Etimologías. Estrabón.",Autoridad geográfica/toponímica,Clásica romana,Borrador desde notas Word; pendiente relocalizar en 1601 y contrastar con 1617 solo si hace falta OCR.
12,I,VII,De los reyes fabulosos (inventados) de España,Apiano,Apiano de Alejandría,,"Nueva mención a Plinio y Apiano. Sobre los distintos pueblos en España, y nombres de reyes. San Isidoro, Etimologías. Estrabón.",Autoridad geográfica/toponímica,Clásica griega / transmisión fragmentaria,Borrador desde notas Word; pendiente relocalizar en 1601 y contrastar con 1617 solo si hace falta OCR.
13,I,VII,De los reyes fabulosos (inventados) de España,San Isidoro,Isidoro de Sevilla,,"Nueva mención a Plinio y Apiano. Sobre los distintos pueblos en España, y nombres de reyes. San Isidoro, Etimologías. Estrabón.",Autoridad geográfica/toponímica,Medieval / patrística hispana,Borrador desde notas Word; pendiente relocalizar en 1601 y contrastar con 1617 solo si hace falta OCR.
14,I,VII,De los reyes fabulosos (inventados) de España,Estrabón,Estrabón,,"Nueva mención a Plinio y Apiano. Sobre los distintos pueblos en España, y nombres de reyes. San Isidoro, Etimologías. Estrabón.",Autoridad geográfica/toponímica,Clásica griega,Borrador desde notas Word; pendiente relocalizar en 1601 y contrastar con 1617 solo si hace falta OCR.
15,I,VII,De los reyes fabulosos (inventados) de España,Apiano,Apiano de Alejandría,,"Apiano de Alejandría (s. I-II). Ῥωμαϊκά (Romaika / Historia romana). Esta obra constituye una historia del Imperio romano organizada por pueblos o regiones conquistadas, no por orden cronológico estricto. Entre sus secciones destacan: Iberiké (Historia de Iberia), Hannibalica, Mithridatica, Bellum civile (Historia de las guerras civiles romanas). Para la historia antigua de la Península Ibérica resulta especialmente relevante el libro Iberiké, dedicado a las campañas romanas en Hispania.",Autoridad geográfica/toponímica,Clásica griega / transmisión fragmentaria,Borrador desde notas Word; pendiente relocalizar en 1601 y contrastar con 1617 solo si hace falta OCR.
16,I,VIII,De los Geriones,Diodoro de Sicilia,Diodoro Sículo,,"Diodoro de Sicilia (Diodorus Siculus), s. I a.C., para el periodo antiguo y mítico de España. Romano. Obra más relevante, Bibliotheca Historica. Βιβλιοθήκη Ἱστορική (Bibliotheca historica). Se trata de una vasta historia universal compuesta originalmente por 40 libros, que abarcaba desde los tiempos míticos hasta la época de Julio César.Para la historia antigua de la Península Ibérica son particularmente relevantes los pasajes contenidos en Libro V, donde se describe el Occidente mediterráneo.",Autoridad bibliográfica o de transmisión textual,Clásica griega / compilatoria,Borrador desde notas Word; pendiente relocalizar en 1601 y contrastar con 1617 solo si hace falta OCR.
17,I,VIII,De los Geriones,Suetonio,Suetonio Tranquilo,,"Cayo Suetonio Tranquilo (Gaius Suetonius Tranquillus), s. I-II. Romano, para el periodo mítico y antiguo de España. La obra más influyente es De vita Caesarum, compuesta por doce biografías de los emperadores romanos, desde Julio César hasta Domiciano. Sin embargo, en lo relativo a la historia específica de Hispania, Suetonio desempeña un papel menos central que autores como Estrabón, Plinio, Apiano y Floro, ya que su obra se centra principalmente en la biografía imperial. No sé qué obra está utilizando, cuidado.",Autoridad narrativa bélica,Clásica romana,Borrador desde notas Word; pendiente relocalizar en 1601 y contrastar con 1617 solo si hace falta OCR. Identificación insegura en las notas.
18,I,IX,"Del rey Hispalo, y de la muerte de Hércules",Marco Juniano Justino,Justino,,"Marco Juniano Justino (Marcus Junianus Justinus), entre s. II-III. Romano. Epitoma historiarum Philippicarum Pompei Trogi (Epítome de las Historias Filípicas de Pompeyo Trogo). Para el periodo mítico y antiguo de España. Esta obra constituye un resumen o compendio de la historia universal escrita por Pompeyo Trogo (Historiae Philippicae), historiador galo-romano del siglo I a. C. cuya obra original se ha perdido. Marco Juniano Justino pertenece a la tradición literaria de las epítomes históricas, muy frecuente en la Antigüedad tardía. Este género consistía en resumir obras extensas de historiadores clásicos con fines didácticos o retóricos.",Autoridad cronológica,Clásica romana / epítome,Borrador desde notas Word; pendiente relocalizar en 1601 y contrastar con 1617 solo si hace falta OCR.
19,I,IX,"Del rey Hispalo, y de la muerte de Hércules",San Isidoro,Isidoro de Sevilla,,"Vuelve a mencionar a San Isidoro, para la fundación Hispalis (Sevilla).","Autoridad sobre orígenes, genealogía o materia mítica",Medieval / patrística hispana,Borrador desde notas Word; pendiente relocalizar en 1601 y contrastar con 1617 solo si hace falta OCR.
20,I,IX,"Del rey Hispalo, y de la muerte de Hércules",falso Beroso,Pseudo-Beroso / Annio de Viterbo,,Vuelve a desechar las fábulas del falso Beroso.,Fuente problemática o usada críticamente,Falsificación humanista,Borrador desde notas Word; pendiente relocalizar en 1601 y contrastar con 1617 solo si hace falta OCR. Caso crítico/problemático.
21,I,X,De Hespero y Atlas reyes de España,Quinto Fabio Píctor,Quinto Fabio Píctor,,"Quinto Fabio Píctor (Quintus Fabius Pictor), s. III a.C. Romano. Empleado por historiadores para conectar la creación de Roma con los españoles→ Va a ser desacreditado por Mariana. Annales o Rerum gestarum libri. (Obra completamente perdida; solo se conservan fragmentos y referencias en autores posteriores). Se trata de una historia de Roma desde sus orígenes hasta la Segunda Guerra Púnica, escrita originalmente en lengua griega. La obra no se conserva directamente; su contenido se conoce únicamente a través de citas y referencias de autores posteriores, entre ellos: Polibio, Dionisio de Halicarnaso, Tito Livio, Plutarco.",Autoridad narrativa bélica,Clásica romana / obra perdida,Borrador desde notas Word; pendiente relocalizar en 1601 y contrastar con 1617 solo si hace falta OCR. Caso crítico/problemático.
22,I,X,De Hespero y Atlas reyes de España,Quinto Valerio Sorano,Quinto Valerio Sorano,,"Quinto Valerio Sorano (Quintus Valerius Soranus), s. II-I a.C. Ejecutado por difundir secretos (para Mariana, ejecutado por difundir el verdadero nombre de la ciudad de Roma). No lo cita como fuente directa. Luego, quizás no tiene interés para el TFG.",Autoridad geográfica/toponímica,Clásica romana,Borrador desde notas Word; pendiente relocalizar en 1601 y contrastar con 1617 solo si hace falta OCR. Identificación insegura en las notas.
23,I,XI,De Sículo rey de España,Filisto,Filisto de Siracusa,,"Filisto de Siracusa (Philistus Syracusanus), s. V-IV a.C. Historiador y militar griego. Historias Sicilianas (Obra completamente perdida, compuesta de 13 libros; solo se conservan fragmentos y referencias en otros autores). Para el periodo mítico y antiguo de España → vínculo entre españoles y Sicilia.",Autoridad cronológica,Griega / obra perdida,Borrador desde notas Word; pendiente relocalizar en 1601 y contrastar con 1617 solo si hace falta OCR.
24,I,XI,De Sículo rey de España,Solino,Solino,,"Solino, atribuye Valencia como antiguo nombre de Roma.",Autoridad historiográfica de apoyo,Clásica romana / compilatoria,Borrador desde notas Word; pendiente relocalizar en 1601 y contrastar con 1617 solo si hace falta OCR.
25,I,XI,De Sículo rey de España,Justino,Justino,,"Justino, para reyes antiguos y mitológicos de España.","Autoridad sobre orígenes, genealogía o materia mítica",Clásica romana / epítome,Borrador desde notas Word; pendiente relocalizar en 1601 y contrastar con 1617 solo si hace falta OCR.
26,I,XII,De diversas gentes que vinieron a España,Diodoro Siculo,Diodoro Sículo,,Diodoro Siculo. Reyes antiguos y/o mitológicos.,"Autoridad sobre orígenes, genealogía o materia mítica",Clásica griega / compilatoria,Borrador desde notas Word; pendiente relocalizar en 1601 y contrastar con 1617 solo si hace falta OCR.
27,I,XII,De diversas gentes que vinieron a España,Justino,Justino,,"Justino y San Isidoro, sobre la venida de Teucro (rey mitológico) a España.","Autoridad sobre orígenes, genealogía o materia mítica",Clásica romana / epítome,Borrador desde notas Word; pendiente relocalizar en 1601 y contrastar con 1617 solo si hace falta OCR.
28,I,XII,De diversas gentes que vinieron a España,San Isidoro,Isidoro de Sevilla,,"Justino y San Isidoro, sobre la venida de Teucro (rey mitológico) a España.","Autoridad sobre orígenes, genealogía o materia mítica",Medieval / patrística hispana,Borrador desde notas Word; pendiente relocalizar en 1601 y contrastar con 1617 solo si hace falta OCR.
29,I,XII,De diversas gentes que vinieron a España,Estrabón,Estrabón,,"Estrabón, libro III, sobre la llegada de Mnesteo Atheniense a Cádiz.",Autoridad historiográfica de apoyo,Clásica griega,Borrador desde notas Word; pendiente relocalizar en 1601 y contrastar con 1617 solo si hace falta OCR.
30,I,XII,De diversas gentes que vinieron a España,Estrabón,Estrabón,,Estrabón y Solino sobre Ulises en España.,"Autoridad sobre orígenes, genealogía o materia mítica",Clásica griega,Borrador desde notas Word; pendiente relocalizar en 1601 y contrastar con 1617 solo si hace falta OCR.
31,I,XII,De diversas gentes que vinieron a España,Solino,Solino,,Estrabón y Solino sobre Ulises en España.,"Autoridad sobre orígenes, genealogía o materia mítica",Clásica romana / compilatoria,Borrador desde notas Word; pendiente relocalizar en 1601 y contrastar con 1617 solo si hace falta OCR.
32,I,XIII,"De las cosas de Abides, y de la sequedad general de España",Justino,Justino,,Justino,Autoridad historiográfica de apoyo,Clásica romana / epítome,Borrador desde notas Word; pendiente relocalizar en 1601 y contrastar con 1617 solo si hace falta OCR.
33,I,XV,De la venida de los de Fenicia a España,Aristóteles,Aristóteles,,"Aristóteles. Griego. Sobre la llegada de los fenicios a Tarteso, identificado por Mariana como Tarifa.",Autoridad geográfica/toponímica,Clásica griega,Borrador desde notas Word; pendiente relocalizar en 1601 y contrastar con 1617 solo si hace falta OCR.
34,I,XV,De la venida de los de Fenicia a España,Justino,Justino,,"Justino, libro XVIII. Sobre los fenicios en España y norte de África.",Autoridad historiográfica de apoyo,Clásica romana / epítome,Borrador desde notas Word; pendiente relocalizar en 1601 y contrastar con 1617 solo si hace falta OCR.
35,I,XV,De la venida de los de Fenicia a España,Platón,Platón,,"Platón. Timeo. Sobre los atlántides, que parten de Eritrea y toman Atenas. Intento conectar a los fenicios con un pasado mítico.",Autoridad historiográfica de apoyo,Clásica griega,Borrador desde notas Word; pendiente relocalizar en 1601 y contrastar con 1617 solo si hace falta OCR.
36,I,XV,De la venida de los de Fenicia a España,Herodoto,Herodoto,,"Herodoto. Sobre la guerra entre Asirios (Senacherib) y Egipcios-Etíopes Tarachon → Tirhaka (Taharko), un faraón de la XXV Dinastía de Egipto, de origen nubio o kushita. Tras ganar la guerra, Tarachon pasó a otros reinos, España entre ellos. Al menos a Europa → Estrabón.",Autoridad narrativa bélica,Clásica griega,Borrador desde notas Word; pendiente relocalizar en 1601 y contrastar con 1617 solo si hace falta OCR.
37,I,XV,De la venida de los de Fenicia a España,Plinio,Plinio el Viejo,,"Plinio y Solino, atribuyen la creación de Tarragona a los Scipiones. Si bien Mariana la considera creación del rey Tarachon.","Autoridad sobre orígenes, genealogía o materia mítica",Clásica romana,Borrador desde notas Word; pendiente relocalizar en 1601 y contrastar con 1617 solo si hace falta OCR.
38,I,XV,De la venida de los de Fenicia a España,Solino,Solino,,"Plinio y Solino, atribuyen la creación de Tarragona a los Scipiones. Si bien Mariana la considera creación del rey Tarachon.","Autoridad sobre orígenes, genealogía o materia mítica",Clásica romana / compilatoria,Borrador desde notas Word; pendiente relocalizar en 1601 y contrastar con 1617 solo si hace falta OCR.
39,I,XVI,"Cómo los Cartagineses tomaron Ibiza, y acometieron a los mallorquines",Antonino,Anónimo del Itinerarium Antonini,,Antonino. Obra: Itinerarium Antonini Augusti. Autor desconocido.,Autoridad cronológica,Tardorromana / itinerario,Borrador desde notas Word; pendiente relocalizar en 1601 y contrastar con 1617 solo si hace falta OCR.
40,I,XVI,"Cómo los Cartagineses tomaron Ibiza, y acometieron a los mallorquines",Florian,Lucio Anneo Floro,,"Florian→ Lucio Anneo Floro (Lucius Annaeus Florus). S. I-II. Epitome de Tito Livio bellorum omnium annorum DCC (Epítome de la historia de Tito Livio sobre todas las guerras de setecientos años). También conocida simplemente como Epítome. Incorpora la obra de Antonino, referente a la geografía. Mientras que él habla de las guerras.",Autoridad geográfica/toponímica,Clásica romana / epítome,Borrador desde notas Word; pendiente relocalizar en 1601 y contrastar con 1617 solo si hace falta OCR.
41,I,XVI,"Cómo los Cartagineses tomaron Ibiza, y acometieron a los mallorquines",Tito Livio,Tito Livio,,"Florian→ Lucio Anneo Floro (Lucius Annaeus Florus). S. I-II. Epitome de Tito Livio bellorum omnium annorum DCC (Epítome de la historia de Tito Livio sobre todas las guerras de setecientos años). También conocida simplemente como Epítome. Incorpora la obra de Antonino, referente a la geografía. Mientras que él habla de las guerras.",Autoridad geográfica/toponímica,Clásica romana,Borrador desde notas Word; pendiente relocalizar en 1601 y contrastar con 1617 solo si hace falta OCR.
42,I,XVI,"Cómo los Cartagineses tomaron Ibiza, y acometieron a los mallorquines",Filón de Biblos,Filón de Biblos,,"Filón de Biblos (Philo Byblius), s. I-II, Romano. Phoinikē Hiera historia (Historia Sagrada de Fenicia). Sobre la historia de los de Fenicia.",Autoridad cronológica,Clásica / fragmentaria,Borrador desde notas Word; pendiente relocalizar en 1601 y contrastar con 1617 solo si hace falta OCR.
43,I,XVII,De la edad de Argantonio,Cayo Silio Itálico,Silio Itálico,,"Cayo Silio Itálico (Caius Silius Italicus), s. I-II. Romano. Sobre Tartessos y su rey, Argantonio. De él dice, vivió 300 años. Plinio, por testimonio de Anacreonte, 150.","Autoridad sobre orígenes, genealogía o materia mítica",Clásica romana / poesía épica,Borrador desde notas Word; pendiente relocalizar en 1601 y contrastar con 1617 solo si hace falta OCR. Identificación insegura en las notas.
44,I,XVII,De la edad de Argantonio,Plinio,Plinio el Viejo,,"Cayo Silio Itálico (Caius Silius Italicus), s. I-II. Romano. Sobre Tartessos y su rey, Argantonio. De él dice, vivió 300 años. Plinio, por testimonio de Anacreonte, 150.","Autoridad sobre orígenes, genealogía o materia mítica",Clásica romana,Borrador desde notas Word; pendiente relocalizar en 1601 y contrastar con 1617 solo si hace falta OCR. Identificación insegura en las notas.
45,I,XVII,De la edad de Argantonio,Tito Flavio Josefo,Flavio Josefo,,"Tito Flavio Josefo (Titus Flavius Iosephus), s. I. Nace en Jerusalén, muere en Roma. Ioudaikē Archaiología (Antigüedades Judías). Nabucodonosor se apoderó de España, en su guerra contra los fenicios. Hecho célebre en las obras de los Hebreos.",Autoridad narrativa bélica,Judeo-romana,Borrador desde notas Word; pendiente relocalizar en 1601 y contrastar con 1617 solo si hace falta OCR.
46,I,XVIII,Cómo los fenicios trataron de apoderarse de España,Tito Livio,Tito Livio,,"Tito Livio y Polibio, sobre Turdulos y Turdetanos (consideran que son el mismo pueblo).",Autoridad cronológica,Clásica romana,Borrador desde notas Word; pendiente relocalizar en 1601 y contrastar con 1617 solo si hace falta OCR.
47,I,XVIII,Cómo los fenicios trataron de apoderarse de España,Polibio,Polibio,,"Tito Livio y Polibio, sobre Turdulos y Turdetanos (consideran que son el mismo pueblo).",Autoridad cronológica,Clásica griega,Borrador desde notas Word; pendiente relocalizar en 1601 y contrastar con 1617 solo si hace falta OCR.
48,I,XX,Cómo Saphón vino en España,Silio Itálico,Silio Itálico,,"Silio Itálico (Tiberius Catius Asconius Silius Italicus). Romano, s. I-II. Punica: El único poema épico latino conservado en su totalidad, compuesto por 17 libros. Narra la Segunda Guerra Púnica (218-201 a.C.), centrándose en el conflicto entre Roma y Cartago, con especial atención a figuras como Aníbal y Escipión.",Autoridad narrativa bélica,Clásica romana / poesía épica,Borrador desde notas Word; pendiente relocalizar en 1601 y contrastar con 1617 solo si hace falta OCR.
49,I,XX,Cómo Saphón vino en España,Festo Pompeyo,Festo Pompeyo,,"Festo Pompeyo (Sextus Pompeius Festus), s. II. Romano. Fuente indirecta para el conocimiento de las cosas antiguas romanas.",Autoridad historiográfica de apoyo,Clásica romana / anticuaria,Borrador desde notas Word; pendiente relocalizar en 1601 y contrastar con 1617 solo si hace falta OCR.
50,I,XX,Cómo Saphón vino en España,Plinio,Plinio el Viejo,,Plinio. Todos ellos para la historia de los cartagineses.,Autoridad narrativa bélica,Clásica romana,Borrador desde notas Word; pendiente relocalizar en 1601 y contrastar con 1617 solo si hace falta OCR.
51,I,XXI,Cómo Himilcón y Hannon descubrieron nuevas navegaciones,Rufo Festo,Sexto Rufo / Rufo Festo,,"Rufo Festo. Historiador y alto funcionario romano. S. IV. Escribe su Breviario, epítome o resumen de la historia de Roma. Para la geografía de España → habla del Guadalquivir.",Autoridad geográfica/toponímica,Tardorromana / compendio,Borrador desde notas Word; pendiente relocalizar en 1601 y contrastar con 1617 solo si hace falta OCR.
52,I,XXI,Cómo Himilcón y Hannon descubrieron nuevas navegaciones,Tito Libio,Tito Livio,,"Tito Libio, sobre la ciudad de Iberia (a la que hace mención).",Autoridad geográfica/toponímica,Clásica romana,Borrador desde notas Word; pendiente relocalizar en 1601 y contrastar con 1617 solo si hace falta OCR.
53,I,XXII,De la navegación de Hannón,Lucio Flavio Arriano,Arriano,,"Lucio Flavio Arriano (Lucius Flavius Arrianus). A menudo conocido como Arriano de Nicomedia, s. I-II. Historiador, filósofo estoico (discípulo de Epicteto) y alto funcionario romano de origen griego del siglo II d.C. Junto a Polibio, Rufo Festo, Plinio, Ptolomeo. Para cuestiones geográficas referentes al viaje de Hannon, desde P. Ibérica hasta África.","Autoridad sobre orígenes, genealogía o materia mítica",Clásica griega,Borrador desde notas Word; pendiente relocalizar en 1601 y contrastar con 1617 solo si hace falta OCR.
54,II,II,De las cosas por los españoles hechas en Sicilia,Tucídides,Tucídides,,"Tucídides, Tito Livio y Dionisio de Halicarnaso, s. I a.C. - s. I d.C., griego. Hablan de una peste ocurrida en el 327, año de la fundación de Roma. Osea, s.V a.C.","Autoridad sobre orígenes, genealogía o materia mítica",Clásica griega,Borrador desde notas Word; pendiente relocalizar en 1601 y contrastar con 1617 solo si hace falta OCR.
55,II,II,De las cosas por los españoles hechas en Sicilia,Tito Livio,Tito Livio,,"Tucídides, Tito Livio y Dionisio de Halicarnaso, s. I a.C. - s. I d.C., griego. Hablan de una peste ocurrida en el 327, año de la fundación de Roma. Osea, s.V a.C.","Autoridad sobre orígenes, genealogía o materia mítica",Clásica romana,Borrador desde notas Word; pendiente relocalizar en 1601 y contrastar con 1617 solo si hace falta OCR.
56,II,II,De las cosas por los españoles hechas en Sicilia,Dionisio de Halicarnaso,Dionisio de Halicarnaso,,"Tucídides, Tito Livio y Dionisio de Halicarnaso, s. I a.C. - s. I d.C., griego. Hablan de una peste ocurrida en el 327, año de la fundación de Roma. Osea, s.V a.C.","Autoridad sobre orígenes, genealogía o materia mítica",Clásica griega,Borrador desde notas Word; pendiente relocalizar en 1601 y contrastar con 1617 solo si hace falta OCR.
57,II,II,De las cosas por los españoles hechas en Sicilia,Hipócrates,Hipócrates de Cos,,"Hipócrates de Cos, s. V-IV a.C. Griego. Corpus Hippocraticum (Colección Hipocrática). Considerado el padre de la medicina en la tradición ocidental. Sobre la peste del siglo V a.C.",Autoridad cronológica,Clásica griega / médica,Borrador desde notas Word; pendiente relocalizar en 1601 y contrastar con 1617 solo si hace falta OCR.
58,II,V,"De una embajada que se envió a Alejandro, rey de Macedonia",Paulo Orosio,Paulo Orosio,,"Paulo Orosio, s. IV-V. Hispano. Sobre una embajada enviada desde España a Alejandro Magno.",Autoridad historiográfica de apoyo,Tardorromana cristiana,Borrador desde notas Word; pendiente relocalizar en 1601 y contrastar con 1617 solo si hace falta OCR.
59,II,V,"De una embajada que se envió a Alejandro, rey de Macedonia",Arriano,Arriano,,"Arriano, sobre lo mismo.",Autoridad historiográfica de apoyo,Clásica griega,Borrador desde notas Word; pendiente relocalizar en 1601 y contrastar con 1617 solo si hace falta OCR.
60,II,V,"De una embajada que se envió a Alejandro, rey de Macedonia",Justino,Justino,,Justino. Sobre la guerra entre cartagineses y siracusanos.,Autoridad narrativa bélica,Clásica romana / epítome,Borrador desde notas Word; pendiente relocalizar en 1601 y contrastar con 1617 solo si hace falta OCR.
61,II,VI,De la primera guerra Púnica contra Cartago,Polybio,Polibio,,Polybio. Cómo los cartagineses reunieron el ejército que lucharía contra los romanos en la primera guerra Púnica.,Autoridad narrativa bélica,Clásica griega,Borrador desde notas Word; pendiente relocalizar en 1601 y contrastar con 1617 solo si hace falta OCR.
62,II,VI,De la primera guerra Púnica contra Cartago,Eusebio de Cesarea,Eusebio de Cesarea,,"Eusebio de Cesarea, s. III-IV. Sobre la derrota naval del general romano Cecilio Metello.",Autoridad cronológica,Cristiana tardoantigua,Borrador desde notas Word; pendiente relocalizar en 1601 y contrastar con 1617 solo si hace falta OCR.
63,II,VI,De la primera guerra Púnica contra Cartago,Plinio,Plinio el Viejo,,"Plinio. Sobre el nacimiento de Aníbal, hijo de Amílcar, en la isla de Tiquadra, cercana a Mallorca.",Autoridad historiográfica de apoyo,Clásica romana,Borrador desde notas Word; pendiente relocalizar en 1601 y contrastar con 1617 solo si hace falta OCR.
64,II,VII,Cómo Amílcar vino otra vez a España,Estrabón,Estrabón,,Estrabón. Sobre la riqueza de la Bética (de la que Amílcar se apoderó).,Autoridad historiográfica de apoyo,Clásica griega,Borrador desde notas Word; pendiente relocalizar en 1601 y contrastar con 1617 solo si hace falta OCR.
65,II,VII,Cómo Amílcar vino otra vez a España,Ptolomeo,Ptolomeo,,Ptolomeo. Sobre la ubicación de Cartago la vieja.,Autoridad geográfica/toponímica,Clásica grecorromana,Borrador desde notas Word; pendiente relocalizar en 1601 y contrastar con 1617 solo si hace falta OCR.
66,II,VII,Cómo Amílcar vino otra vez a España,Tito Livio,Tito Livio,,"Tito Livio. Sobre la muerte de Amílcar por los Edetanos, en una batalla que dicho autor sitúa cercana a un pueblo llamado Castro Alto.",Autoridad narrativa bélica,Clásica romana,Borrador desde notas Word; pendiente relocalizar en 1601 y contrastar con 1617 solo si hace falta OCR.
67,II,IX,De la guerra Saguntina,Polybio,Polibio,,Polybio. Marcha de los cartagineses sobre Sagunto.,Autoridad narrativa bélica,Clásica griega,Borrador desde notas Word; pendiente relocalizar en 1601 y contrastar con 1617 solo si hace falta OCR.
68,II,X,Del principio de la segunda guerra Púnica contra Cartago,Polybio,Polibio,,Polybio. Sobre los números del ejército cartaginés.,Autoridad narrativa bélica,Clásica griega,Borrador desde notas Word; pendiente relocalizar en 1601 y contrastar con 1617 solo si hace falta OCR.
69,II,XII,De lo que sucedió por el mismo tiempo en España,Rufo Festo,Sexto Rufo / Rufo Festo,,"Rufo Festo. Sobre el puerto de Salu, denominado por él como Solorio. Donde las naves romanas pasan el invierno.",Autoridad historiográfica de apoyo,Tardorromana / compendio,Borrador desde notas Word; pendiente relocalizar en 1601 y contrastar con 1617 solo si hace falta OCR.
70,II,XVI,Cómo los cartagineses fueron maltratados en muchas partes de España,Tito Livio,Tito Livio,,"Tito Livio, sobre las luchas entre romanos (Publio y Gneio Scipión) y cartagineses (Asdrúbal) en España.",Autoridad narrativa bélica,Clásica romana,Borrador desde notas Word; pendiente relocalizar en 1601 y contrastar con 1617 solo si hace falta OCR.
71,II,XVII,De una nueva guerra que se emprendió en África,Tito Livio,Tito Livio,,"Tito Livio y Plutarco → en sus obras no incluyen un supuesto viaje que realizó Syphax, rey de los númidas, a España. Para parlamentar con los romanos, en el contexto de la guerra contra Cartago.",Autoridad narrativa bélica,Clásica romana,Borrador desde notas Word; pendiente relocalizar en 1601 y contrastar con 1617 solo si hace falta OCR.
72,II,XVII,De una nueva guerra que se emprendió en África,Plutarco,Plutarco,,"Tito Livio y Plutarco → en sus obras no incluyen un supuesto viaje que realizó Syphax, rey de los númidas, a España. Para parlamentar con los romanos, en el contexto de la guerra contra Cartago.",Autoridad narrativa bélica,Clásica griega,Borrador desde notas Word; pendiente relocalizar en 1601 y contrastar con 1617 solo si hace falta OCR.
73,II,XXI,Como Asdrúbal Barchino fue vencido por Scipión,Plinio,Plinio el Viejo,,"Plinio, sobre la ubicación de Oninge, ciudad de los Melessos (mandado conquistar por los romanos en el contexto de la segunda guerra púnica).",Autoridad geográfica/toponímica,Clásica romana,Borrador desde notas Word; pendiente relocalizar en 1601 y contrastar con 1617 solo si hace falta OCR.
74,II,XXIII,De otras cosas que Escipión hizo en España,Plinio,Plinio el Viejo,,"Plinio, sobre la ubicación de la ciudad de Siga (en frente de Málaga, residencia del rey Siphax). Está empleando a Plinio como fuente para la geografía y ubicación de ciudades.",Autoridad geográfica/toponímica,Clásica romana,Borrador desde notas Word; pendiente relocalizar en 1601 y contrastar con 1617 solo si hace falta OCR.
75,II,XXIII,De otras cosas que Escipión hizo en España,Plinio,Plinio el Viejo,,Plinio: los huesos de los Scipiones fueron incinerados en la ciudad de Ilorci (posiblemente la actual Lorca).,Autoridad geográfica/toponímica,Clásica romana,Borrador desde notas Word; pendiente relocalizar en 1601 y contrastar con 1617 solo si hace falta OCR. Identificación insegura en las notas.
76,II,XXIII,De otras cosas que Escipión hizo en España,Valerio Máximo,Valerio Máximo,,"Valerio Máximo (Valerius Maximus), s. I. Romano. Obra más relevante: Hechos y Dichos Memorables. Colección de anécdotas de la historia romana y griega (en menor medida). Sobre Corbis y Orsua, dos gladiadores, primos hermanos, que participaron en las exequias (hubo juegos de gladiadores) de los Scipiones.",Autoridad bibliográfica o de transmisión textual,Clásica romana,Borrador desde notas Word; pendiente relocalizar en 1601 y contrastar con 1617 solo si hace falta OCR.
77,II,XXIV,Como Escipión venció a Cartago en África,Tito Livio,Tito Livio,,"Tito Livio, sobre la guerra entre Cartago y Roma.",Autoridad narrativa bélica,Clásica romana,Borrador desde notas Word; pendiente relocalizar en 1601 y contrastar con 1617 solo si hace falta OCR.
78,II,XXV,Como M. Porcio Catón siendo cónsul vino a España,Aulus Gellius,Aulo Gelio,,"Aulus Gellius (Aulo Gelio). Romano, s. II. Sobre el intento del cónsul Catón de conquistar la actual Sigüenza, ciudad de los Turdetanos, que se habían levantado contra Roma. Tras la segunda guerra púnica, los romanos deben estabilizar la península, levantada en armas (no todos los pueblos) contra ellos.",Autoridad geográfica/toponímica,Clásica romana,Borrador desde notas Word; pendiente relocalizar en 1601 y contrastar con 1617 solo si hace falta OCR.
79,II,XXVI,De diferentes pretores que vinieron a España,Ptolomeo,Ptolomeo,,"Ptolomeo, para cuestiones relacionadas con el nombre de ciudades.",Autoridad geográfica/toponímica,Clásica grecorromana,Borrador desde notas Word; pendiente relocalizar en 1601 y contrastar con 1617 solo si hace falta OCR.
80,II,XXVI,De diferentes pretores que vinieron a España,Plutarco,Plutarco,,"Plutarco, sobre la confederación de Numancia con Roma.",Autoridad narrativa bélica,Clásica griega,Borrador desde notas Word; pendiente relocalizar en 1601 y contrastar con 1617 solo si hace falta OCR.
81,II,XXVI,De diferentes pretores que vinieron a España,Estrabón,Estrabón,,"Estrabón, justifica que Córdoba fue fundada por el cónsul Marco Marcello.",Autoridad geográfica/toponímica,Clásica griega,Borrador desde notas Word; pendiente relocalizar en 1601 y contrastar con 1617 solo si hace falta OCR.
82,II,XXVI,De diferentes pretores que vinieron a España,Silio Itálico,Silio Itálico,,"Silio Itálico, por su parte, menciona Córdoba en tiempos de Aníbal. Dos fuentes de autoridad contrapuestas.",Autoridad geográfica/toponímica,Clásica romana / poesía épica,Borrador desde notas Word; pendiente relocalizar en 1601 y contrastar con 1617 solo si hace falta OCR.
83,III,I,Del principio de la guerra de Numancia,Appiano,Apiano de Alejandría,,"Appiano, sobre la ubicación de la ciudad de Segeda, dentro de los pueblos Belos, y no Arévacos (lo usa para contraponer la información disponible).",Autoridad geográfica/toponímica,Clásica griega / transmisión fragmentaria,Borrador desde notas Word; pendiente relocalizar en 1601 y contrastar con 1617 solo si hace falta OCR.
84,III,I,Del principio de la guerra de Numancia,Ptolomeo,Ptolomeo,,"Ptolomeo, sobre la ubicación de Nertóbriga.",Autoridad geográfica/toponímica,Clásica grecorromana,Borrador desde notas Word; pendiente relocalizar en 1601 y contrastar con 1617 solo si hace falta OCR.
85,III,II,Cómo Publio Cornelio Scipión vino por legado o lugarteniente a España,Marco Tulio Cicerón,Cicerón,,"Marco Tulio Cicerón (Marcus Tullius Cicero), s. II-I a.C. Romano. Que Lucullo vino al gobierno de España y Scipión pasó a África. (Para los asuntos de los romanos en el gobierno de Hispania).",Autoridad narrativa bélica,Clásica romana,Borrador desde notas Word; pendiente relocalizar en 1601 y contrastar con 1617 solo si hace falta OCR.
86,III,II,Cómo Publio Cornelio Scipión vino por legado o lugarteniente a España,Estrabón,Estrabón,,"Estrabón, para lo mismo.",Autoridad historiográfica de apoyo,Clásica griega,Borrador desde notas Word; pendiente relocalizar en 1601 y contrastar con 1617 solo si hace falta OCR.
87,III,II,Cómo Publio Cornelio Scipión vino por legado o lugarteniente a España,Plinio,Plinio el Viejo,,"Plinio, para lo mismo.",Autoridad historiográfica de apoyo,Clásica romana,Borrador desde notas Word; pendiente relocalizar en 1601 y contrastar con 1617 solo si hace falta OCR.
88,III,II,Cómo Publio Cornelio Scipión vino por legado o lugarteniente a España,Appiano,Apiano de Alejandría,,"Appiano, para lo mismo.",Autoridad historiográfica de apoyo,Clásica griega / transmisión fragmentaria,Borrador desde notas Word; pendiente relocalizar en 1601 y contrastar con 1617 solo si hace falta OCR.
89,III,II,Cómo Publio Cornelio Scipión vino por legado o lugarteniente a España,Cicerón,Cicerón,,"Cicerón, para lo mismo.",Autoridad historiográfica de apoyo,Clásica romana,Borrador desde notas Word; pendiente relocalizar en 1601 y contrastar con 1617 solo si hace falta OCR.
90,III,III,De la guerra de Viriato,Cicerón,Cicerón,,"Cicerón, cuestiones relacionadas a la guerra contra Viriato.",Autoridad narrativa bélica,Clásica romana,Borrador desde notas Word; pendiente relocalizar en 1601 y contrastar con 1617 solo si hace falta OCR.
91,III,III,De la guerra de Viriato,Andrea de' Bardi,Andrea de' Bardi,,"Andrea de' Bardi, ""El Anconitano"" → desacreditado por Mariana, basándose en lo que otros autores comentan. Italiano, s. XIII-XIV. Autor discutido.",Fuente problemática o usada críticamente,Dudosa,Borrador desde notas Word; pendiente relocalizar en 1601 y contrastar con 1617 solo si hace falta OCR. Caso crítico/problemático.
92,III,IV,De lo que Q. Cecilio Metello hizo en España,Plinio,Plinio el Viejo,,"Plinio, sobre los asuntos de Roma en la P. Ibérica.",Autoridad historiográfica de apoyo,Clásica romana,Borrador desde notas Word; pendiente relocalizar en 1601 y contrastar con 1617 solo si hace falta OCR.
93,III,IV,De lo que Q. Cecilio Metello hizo en España,Appiano,Apiano de Alejandría,,"Appiano, lo mismo.",Autoridad historiográfica de apoyo,Clásica griega / transmisión fragmentaria,Borrador desde notas Word; pendiente relocalizar en 1601 y contrastar con 1617 solo si hace falta OCR.
94,III,X,Cómo Numancia fue destruida,Appiano,Apiano de Alejandría,,"Appiano, sobre la conquista de Numancia.",Autoridad narrativa bélica,Clásica griega / transmisión fragmentaria,Borrador desde notas Word; pendiente relocalizar en 1601 y contrastar con 1617 solo si hace falta OCR.
95,III,XI,De lo que sucedió en España después de la guerra de Numancia,Antonio de Nebrija,Antonio de Nebrija,,"Antonio de Nebrija, s. XV-XVI. Castellano. Decadas Rerum Hispanicarum (1545, edición póstuma): Obra historiográfica que cubre la historia de España desde la época romana hasta los Reyes Católicos. → sobre Craso, y la vía de la Plata (ruta romana más famosa de Hispania).","Autoridad sobre orígenes, genealogía o materia mítica",Humanista española,Borrador desde notas Word; pendiente relocalizar en 1601 y contrastar con 1617 solo si hace falta OCR.
96,III,XII,Cómo se comenzó la guerra de Sertorio,Plinio,Plinio el Viejo,,"Plinio y Ptolomeo, de nuevo, para situar ciudades antiguas (geografía).",Autoridad geográfica/toponímica,Clásica romana,Borrador desde notas Word; pendiente relocalizar en 1601 y contrastar con 1617 solo si hace falta OCR.
97,III,XII,Cómo se comenzó la guerra de Sertorio,Ptolomeo,Ptolomeo,,"Plinio y Ptolomeo, de nuevo, para situar ciudades antiguas (geografía).",Autoridad geográfica/toponímica,Clásica grecorromana,Borrador desde notas Word; pendiente relocalizar en 1601 y contrastar con 1617 solo si hace falta OCR.
98,III,XIII,Cómo Metello y Pompeio vinieron a España,Plutarco,Plutarco,,"Plutarco, sobre el pretor Lucio Domicio, que acompaña a Q. Metello en la guerra contra Sertorio.",Autoridad narrativa bélica,Clásica griega,Borrador desde notas Word; pendiente relocalizar en 1601 y contrastar con 1617 solo si hace falta OCR.
99,III,XIII,Cómo Metello y Pompeio vinieron a España,Casiodoro,Casiodoro,,"Flavio Magno Aurelio Casiodoro Senador (Casiodoro), s. V-VI, italiano (Calabria). Político, literato y estadista romano al servicio del Reino Ostrogodo en Italia. Y Quinto Septimio Florente Tertuliano (Tertulliano), s.II-III. Nace en Cartago (pero es romano). Uno de los principales Padres de la Iglesia latinos, considerado el fundador de la teología latina. Ambos hablan sobre Genio Pompeyo y la guerra contra Sertorio (asuntos de los romanos en la P. Ibérica).",Autoridad narrativa bélica,Tardorromana / medieval temprana,Borrador desde notas Word; pendiente relocalizar en 1601 y contrastar con 1617 solo si hace falta OCR.
100,III,XIII,Cómo Metello y Pompeio vinieron a España,Tertuliano,Tertuliano,,"Flavio Magno Aurelio Casiodoro Senador (Casiodoro), s. V-VI, italiano (Calabria). Político, literato y estadista romano al servicio del Reino Ostrogodo en Italia. Y Quinto Septimio Florente Tertuliano (Tertulliano), s.II-III. Nace en Cartago (pero es romano). Uno de los principales Padres de la Iglesia latinos, considerado el fundador de la teología latina. Ambos hablan sobre Genio Pompeyo y la guerra contra Sertorio (asuntos de los romanos en la P. Ibérica).",Autoridad narrativa bélica,Patrística latina,Borrador desde notas Word; pendiente relocalizar en 1601 y contrastar con 1617 solo si hace falta OCR.
101,III,XIII,Cómo Metello y Pompeio vinieron a España,Paulo Orosio,Paulo Orosio,,"Paulo Orosio (Paulus Orosius), s. IV-V. Sobre lo mismo.",Autoridad historiográfica de apoyo,Tardorromana cristiana,Borrador desde notas Word; pendiente relocalizar en 1601 y contrastar con 1617 solo si hace falta OCR.
102,III,XIV,Cómo Sertorio fue vencido y muerto,Ambrosio de Morales,Ambrosio de Morales,,"Ambrosio de Morales, Córdoba, s. XVI. La Crónica General de España (Continuación de la de Ocampo): Publicada en 1574 (Libros VI al X) y la segunda parte en 1586. Sobre la ubicación del sepulcro de Sertorio.",Autoridad geográfica/toponímica,Humanista española,Borrador desde notas Word; pendiente relocalizar en 1601 y contrastar con 1617 solo si hace falta OCR.
103,III,XV,Cómo Pompeyo apaciguó a España,Estrabón,Estrabón,,"Estrabón, sobre la ciudad de Pompelo. Cuestiones geográficas.",Autoridad geográfica/toponímica,Clásica griega,Borrador desde notas Word; pendiente relocalizar en 1601 y contrastar con 1617 solo si hace falta OCR.
104,III,XVII,Del principio de la guerra civil en España,Paulo Orosio,Paulo Orosio,,"Paulo Orosio y Estrabón, sobre los españoles (cántabros) que participaron en la guerra de las Galias (de Julio César).",Autoridad narrativa bélica,Tardorromana cristiana,Borrador desde notas Word; pendiente relocalizar en 1601 y contrastar con 1617 solo si hace falta OCR.
105,III,XVII,Del principio de la guerra civil en España,Estrabón,Estrabón,,"Paulo Orosio y Estrabón, sobre los españoles (cántabros) que participaron en la guerra de las Galias (de Julio César).",Autoridad narrativa bélica,Clásica griega,Borrador desde notas Word; pendiente relocalizar en 1601 y contrastar con 1617 solo si hace falta OCR.
106,III,XVII,Del principio de la guerra civil en España,Marco Anneo Lucano,Lucano,,"Marco Anneo Lucano, Córdoba, romano, s. I. Sobre el río Segre (geografía) en el contexto de la guerra de las Galias, que se extiende a España.",Autoridad geográfica/toponímica,Clásica romana / poesía épica,Borrador desde notas Word; pendiente relocalizar en 1601 y contrastar con 1617 solo si hace falta OCR.
107,III,XXI,Cómo en España se hizo la guerra contra los hijos de Pompeyo,Plutarco,Plutarco,,"Plutarco, Julio César en Córdoba.",Autoridad geográfica/toponímica,Clásica griega,Borrador desde notas Word; pendiente relocalizar en 1601 y contrastar con 1617 solo si hace falta OCR.
108,III,XXII,Cómo César volvió a Roma,Floro,Lucio Anneo Floro,,"Floro →Lucius Annaeus Florus. Atribución discutida. Sobre la muerte de Genio Pompeio a manos de Dido y Cesonio, enviados por J. César para matarle.",Autoridad historiográfica de apoyo,Clásica romana / epítome,Borrador desde notas Word; pendiente relocalizar en 1601 y contrastar con 1617 solo si hace falta OCR.
109,III,XXII,Cómo César volvió a Roma,Virgilio,Virgilio,,"Virgilio → en una égloga habla de Asinio Pollion, que vino por gobernador de la España Ulterior.",Autoridad historiográfica de apoyo,Clásica romana / poesía,Borrador desde notas Word; pendiente relocalizar en 1601 y contrastar con 1617 solo si hace falta OCR.
110,III,XXIII,Cómo después de la muerte de César se levantaron nuevas alteraciones en España,Dion Casio,Dion Casio,,Dion Casio (posiblemente). S. II-III. Historia Romana. Sobre Julio César.,Autoridad historiográfica de apoyo,Clásica griega/romana,Borrador desde notas Word; pendiente relocalizar en 1601 y contrastar con 1617 solo si hace falta OCR. Identificación insegura en las notas.
111,III,XXIV,De la cuenta llamada Era,Juan Margarite,Joan Margarit i Pau,,"Juan Margarite (Joan Margarit i Pau), obispo de Gerona. S. XV. Paralipomenon Hispaniae ( Historiae ab adventu Gothorum ad haec usque tempora): Su obra historiográfica magna, inacabada. Es un extenso relato de la historia de la Península Ibérica desde los visigodos hasta su época (finales del siglo XV). Sobre la era del César, 26 años antes de Cristo (fechado por era hispánica o año del señor). Cuidado, que según Mariana esto que dice está mal, el resto autores contradicen al obispo.",Fuente problemática o usada críticamente,Humanista / eclesiástica hispana,Borrador desde notas Word; pendiente relocalizar en 1601 y contrastar con 1617 solo si hace falta OCR.
112,III,XXIV,De la cuenta llamada Era,Dion,Dion Casio,,"Dion, sobre el reparto de las provincias tras la guerra de Perosa. Relacionado con tema de la Era.",Autoridad narrativa bélica,Clásica griega/romana,Borrador desde notas Word; pendiente relocalizar en 1601 y contrastar con 1617 solo si hace falta OCR.
113,III,XXIV,De la cuenta llamada Era,Hilderico,Hilderico,,Hilderico y San Isidoro.,Autoridad historiográfica de apoyo,Pendiente de identificación,Borrador desde notas Word; pendiente relocalizar en 1601 y contrastar con 1617 solo si hace falta OCR.
114,III,XXIV,De la cuenta llamada Era,San Isidoro,Isidoro de Sevilla,,Hilderico y San Isidoro.,Autoridad historiográfica de apoyo,Medieval / patrística hispana,Borrador desde notas Word; pendiente relocalizar en 1601 y contrastar con 1617 solo si hace falta OCR.
115,III,XXIV,De la cuenta llamada Era,Dion,Dion Casio,,"Dion, para el periodo posterior a la muerte de César.",Autoridad historiográfica de apoyo,Clásica griega/romana,Borrador desde notas Word; pendiente relocalizar en 1601 y contrastar con 1617 solo si hace falta OCR.
116,III,XXIV,De la cuenta llamada Era,Paulo Orosio,Paulo Orosio,,"Paulo Orosio, sobre la duración de la guerra de Cantabria en tiempos de Cayo Norbano.",Autoridad narrativa bélica,Tardorromana cristiana,Borrador desde notas Word; pendiente relocalizar en 1601 y contrastar con 1617 solo si hace falta OCR.
117,III,XXIV,De la cuenta llamada Era,Estrabón,Estrabón,,Estrabón → sobre fundación de ciudades y la aculturación tras apaciguar las guerras contra los locales en la P. Ibérica.,Autoridad geográfica/toponímica,Clásica griega,Borrador desde notas Word; pendiente relocalizar en 1601 y contrastar con 1617 solo si hace falta OCR.
118,III,XXV,De la guerra de Cantabria,Ptolomeo,Ptolomeo,,"Ptolomeo, para situar geográficamente los pueblos aledaños a los cántabros.",Autoridad geográfica/toponímica,Clásica grecorromana,Borrador desde notas Word; pendiente relocalizar en 1601 y contrastar con 1617 solo si hace falta OCR.
119,III,XXV,De la guerra de Cantabria,Orosio,Paulo Orosio,,"Orosio, que los gallegos se hicieron fuertes en el monte Medulia (hoy Mendulia, Vizcaya), durante la guerra.",Autoridad narrativa bélica,Tardorromana cristiana,Borrador desde notas Word; pendiente relocalizar en 1601 y contrastar con 1617 solo si hace falta OCR.
120,III,XXV,De la guerra de Cantabria,moro Rasis,Ahmad al-Razi / el moro Rasis,,"El moro Rasis ( Áhmad ibn Muhámmad ibn Mūsà al-Rāzī). S. IX-X, Córdoba. Sobre la ciudad de Mérida, cabeza de la Lusitania. Mariana hace una cosa curiosa, en principio Mérida debería ser una ciudad impresionante, debido a su importancia en el mundo romano. Sin embargo, cita a Rasis como autor que encarece la grandeza de dicha ciudad, e, incluso, afirma que fue destruida por los moros.",Autoridad geográfica/toponímica,Andalusí / medieval,Borrador desde notas Word; pendiente relocalizar en 1601 y contrastar con 1617 solo si hace falta OCR.
121,III,XXV,De la guerra de Cantabria,Mela,Pomponio Mela,,"Mela, Plinio y Ptolomeo, sobre las Aras Sextianas y su ubicación. Creo que es un monumento para conmemorar el fin de la guerra contra los cántabros.",Autoridad geográfica/toponímica,Clásica romana,Borrador desde notas Word; pendiente relocalizar en 1601 y contrastar con 1617 solo si hace falta OCR. Identificación insegura en las notas.
122,III,XXV,De la guerra de Cantabria,Plinio,Plinio el Viejo,,"Mela, Plinio y Ptolomeo, sobre las Aras Sextianas y su ubicación. Creo que es un monumento para conmemorar el fin de la guerra contra los cántabros.",Autoridad geográfica/toponímica,Clásica romana,Borrador desde notas Word; pendiente relocalizar en 1601 y contrastar con 1617 solo si hace falta OCR. Identificación insegura en las notas.
123,III,XXV,De la guerra de Cantabria,Ptolomeo,Ptolomeo,,"Mela, Plinio y Ptolomeo, sobre las Aras Sextianas y su ubicación. Creo que es un monumento para conmemorar el fin de la guerra contra los cántabros.",Autoridad geográfica/toponímica,Clásica grecorromana,Borrador desde notas Word; pendiente relocalizar en 1601 y contrastar con 1617 solo si hace falta OCR. Identificación insegura en las notas.
124,IV,I,De la venida del hijo de Dios al mundo,San Agustín,Agustín de Hipona,,"San Agustín, incertidumbre respecto a los cónsules en Hispania al tiempo de nacer Cristo.",Autoridad eclesiástica/cristiana,Patrística latina,Borrador desde notas Word; pendiente relocalizar en 1601 y contrastar con 1617 solo si hace falta OCR.
125,IV,I,De la venida del hijo de Dios al mundo,Dion,Dion Casio,,"Dion, sobre uno de los capitanes “españoles” que se dedica a saltar a la gente, tras la guerra con los romanos. Corocota se llama.",Autoridad narrativa bélica,Clásica griega/romana,Borrador desde notas Word; pendiente relocalizar en 1601 y contrastar con 1617 solo si hace falta OCR.
126,IV,I,De la venida del hijo de Dios al mundo,Dion,Dion Casio,,"Dion, Plinio y Tácito (Publio Cornelio Tácito), hablan del avistamiento del ave Fénix, durante el gobierno de Tiberio (año 14-37 d.C.), marcando la resurrección de Cristo.",Autoridad eclesiástica/cristiana,Clásica griega/romana,Borrador desde notas Word; pendiente relocalizar en 1601 y contrastar con 1617 solo si hace falta OCR.
127,IV,I,De la venida del hijo de Dios al mundo,Plinio,Plinio el Viejo,,"Dion, Plinio y Tácito (Publio Cornelio Tácito), hablan del avistamiento del ave Fénix, durante el gobierno de Tiberio (año 14-37 d.C.), marcando la resurrección de Cristo.",Autoridad eclesiástica/cristiana,Clásica romana,Borrador desde notas Word; pendiente relocalizar en 1601 y contrastar con 1617 solo si hace falta OCR.
128,IV,I,De la venida del hijo de Dios al mundo,Tácito,Tácito,,"Dion, Plinio y Tácito (Publio Cornelio Tácito), hablan del avistamiento del ave Fénix, durante el gobierno de Tiberio (año 14-37 d.C.), marcando la resurrección de Cristo.",Autoridad eclesiástica/cristiana,Clásica romana,Borrador desde notas Word; pendiente relocalizar en 1601 y contrastar con 1617 solo si hace falta OCR.
129,IV,II,De los Emperadores Caio (Calígula) y Claudio,San Lucas,Lucas evangelista,,"San Lucas, actos de los Apóstoles.",Autoridad eclesiástica/cristiana,Bíblica,Borrador desde notas Word; pendiente relocalizar en 1601 y contrastar con 1617 solo si hace falta OCR.
130,IV,II,De los Emperadores Caio (Calígula) y Claudio,Flavio Josefo,Flavio Josefo,,"Flavio Josefo, s. I-II. Antigüedades Judaicas.",Autoridad historiográfica de apoyo,Judeo-romana,Borrador desde notas Word; pendiente relocalizar en 1601 y contrastar con 1617 solo si hace falta OCR.
131,IV,II,De los Emperadores Caio (Calígula) y Claudio,Seneca el Viejo,Séneca el Viejo,,Seneca el Viejo (creo).,Autoridad historiográfica de apoyo,Clásica romana,Borrador desde notas Word; pendiente relocalizar en 1601 y contrastar con 1617 solo si hace falta OCR. Identificación insegura en las notas.
132,IV,II,De los Emperadores Caio (Calígula) y Claudio,Quintiliano,Quintiliano,,Quintiliano y Eusebio.,Autoridad historiográfica de apoyo,Clásica romana,Borrador desde notas Word; pendiente relocalizar en 1601 y contrastar con 1617 solo si hace falta OCR.
133,IV,II,De los Emperadores Caio (Calígula) y Claudio,Eusebio,Eusebio de Cesarea,,Quintiliano y Eusebio.,Autoridad historiográfica de apoyo,Cristiana tardoantigua,Borrador desde notas Word; pendiente relocalizar en 1601 y contrastar con 1617 solo si hace falta OCR.
134,IV,II,De los Emperadores Caio (Calígula) y Claudio,Isidoro de Sevilla,Isidoro de Sevilla,,Isidoro de Sevilla.,Autoridad historiográfica de apoyo,Medieval / patrística hispana,Borrador desde notas Word; pendiente relocalizar en 1601 y contrastar con 1617 solo si hace falta OCR.
135,IV,II,De los Emperadores Caio (Calígula) y Claudio,Pelayo,Pelayo de Oviedo,,"Pelayo, obispo de Oviedo. S. XI-XII. Sobre los discípulos del apóstol Santiago.",Autoridad eclesiástica/cristiana,Medieval hispana,Borrador desde notas Word; pendiente relocalizar en 1601 y contrastar con 1617 solo si hace falta OCR.
136,IV,III,Del Emperador Domicio Nerón,Beda,Beda el Venerable,,"Beda el Venerable, s. VII-VIII. Northumbria (Inglaterra).",Autoridad cronológica,Medieval cristiana,Borrador desde notas Word; pendiente relocalizar en 1601 y contrastar con 1617 solo si hace falta OCR.
137,IV,III,Del Emperador Domicio Nerón,Usuardo,Usuardo,,"Usuardo, s. IX. Posiblemente benedictino de la Abadía de Saint Germain des Prés, París. Ambos sobre el Apóstol san Pablo.",Autoridad eclesiástica/cristiana,Medieval cristiana,Borrador desde notas Word; pendiente relocalizar en 1601 y contrastar con 1617 solo si hace falta OCR. Identificación insegura en las notas.
138,IV,III,Del Emperador Domicio Nerón,Plutarco,Plutarco,,"Plutarco→ a la ciudad de Clunia la llama Colonia, dando lugar a una confusión.",Autoridad geográfica/toponímica,Clásica griega,Borrador desde notas Word; pendiente relocalizar en 1601 y contrastar con 1617 solo si hace falta OCR.
139,IV,III,Del Emperador Domicio Nerón,Poggio,Poggio Bracciolini,,"Poggio Florentín → rescató las obras de Fabio Quintiliano y las publicó en tiempos del concilio de Constanza, s. XV.",Autoridad eclesiástica/cristiana,Humanista italiana,Borrador desde notas Word; pendiente relocalizar en 1601 y contrastar con 1617 solo si hace falta OCR.
140,IV,III,Del Emperador Domicio Nerón,Quintiliano,Quintiliano,,"Poggio Florentín → rescató las obras de Fabio Quintiliano y las publicó en tiempos del concilio de Constanza, s. XV.",Autoridad eclesiástica/cristiana,Clásica romana,Borrador desde notas Word; pendiente relocalizar en 1601 y contrastar con 1617 solo si hace falta OCR.
141,IV,III,Del Emperador Domicio Nerón,Prieto Crinito,Pietro Crinito,,"Prieto Crinito, s. XV-XVI, Florencia. Y Gregorio Giraldo, s. XV-XVI, Ferrara. Ambos italianos, renacentistas. Sobre el lugar de nacimiento de Silio Itálico. Cónsul romano, algunos autores afirman que era Español, Giraldo lo contradice.",Fuente problemática o usada críticamente,Humanista italiana,Borrador desde notas Word; pendiente relocalizar en 1601 y contrastar con 1617 solo si hace falta OCR.
142,IV,III,Del Emperador Domicio Nerón,Gregorio Giraldo,Lilio Gregorio Giraldi,,"Prieto Crinito, s. XV-XVI, Florencia. Y Gregorio Giraldo, s. XV-XVI, Ferrara. Ambos italianos, renacentistas. Sobre el lugar de nacimiento de Silio Itálico. Cónsul romano, algunos autores afirman que era Español, Giraldo lo contradice.",Fuente problemática o usada críticamente,Humanista italiana,Borrador desde notas Word; pendiente relocalizar en 1601 y contrastar con 1617 solo si hace falta OCR.
143,IV,III,Del Emperador Domicio Nerón,Silio Itálico,Silio Itálico,,"Prieto Crinito, s. XV-XVI, Florencia. Y Gregorio Giraldo, s. XV-XVI, Ferrara. Ambos italianos, renacentistas. Sobre el lugar de nacimiento de Silio Itálico. Cónsul romano, algunos autores afirman que era Español, Giraldo lo contradice.",Fuente problemática o usada críticamente,Clásica romana / poesía épica,Borrador desde notas Word; pendiente relocalizar en 1601 y contrastar con 1617 solo si hace falta OCR.
144,IV,III,Del Emperador Domicio Nerón,Quintiliano,Quintiliano,,"Quintiliano, sobre la existencia de una Tragedia compuesta por Séneca el Filósofo.",Autoridad historiográfica de apoyo,Clásica romana,Borrador desde notas Word; pendiente relocalizar en 1601 y contrastar con 1617 solo si hace falta OCR.
145,IV,IV,"De los Emperadores Flavio Vespasiano, y sus hijos",historia Latina,Juan de Mariana,,"Hace referencia a su historia Latina. Historiae de rebus Hispaniae libri XX. La versión original en latín, donde incluye ciertas cuestiones que aquí no aparecen. Pero se cita a sí mismo.",Autoridad historiográfica de apoyo,Autor moderno / texto propio,Borrador desde notas Word; pendiente relocalizar en 1601 y contrastar con 1617 solo si hace falta OCR.
146,IV,IV,"De los Emperadores Flavio Vespasiano, y sus hijos",Suetonio,Suetonio Tranquilo,,"Suetonio Tranquilo. Sobre el emperador Domiciano, que mandó desterrar de Roma a todos los filósofos (finales s.I). Mariana entiende que destierra a los filósofos crstianos.",Autoridad cronológica,Clásica romana,Borrador desde notas Word; pendiente relocalizar en 1601 y contrastar con 1617 solo si hace falta OCR.
147,IV,IV,"De los Emperadores Flavio Vespasiano, y sus hijos",Miguel Sincelo,Miguel Sincelo,,"Miguel Sincelo, Vida de San Clemente. Sobre San Eugenio. Debió pasar por España, con especial hincapié en Toledo.",Autoridad historiográfica de apoyo,Bizantina / manuscrita,Borrador desde notas Word; pendiente relocalizar en 1601 y contrastar con 1617 solo si hace falta OCR.
148,IV,VI,De los tres Emperadores Antoninos,Julio Capitolino,Julio Capitolino,,"Julio Capitolino, uno de los seis autores atribuidos a la colección de biografías imperiales. Junto con Dión, y una carta en griego que lo acredita. → Sobre un episodio de Marco Aurelio Antonino, relacionado con rayos, y una victoria ante los moravos.",Autoridad historiográfica de apoyo,Historia Augusta / autoría dudosa,Borrador desde notas Word; pendiente relocalizar en 1601 y contrastar con 1617 solo si hace falta OCR.
149,IV,VI,De los tres Emperadores Antoninos,Julio Capitolino,Julio Capitolino,,Julio Capitolino → sobre la familia del emperador Cómodo.,Autoridad cronológica,Historia Augusta / autoría dudosa,Borrador desde notas Word; pendiente relocalizar en 1601 y contrastar con 1617 solo si hace falta OCR.
150,IV,IX,"De los Emperadores Maximino, Gordiano y Philippo",Nicéforo,Nicéforo,,"Nicéforo, Constantinopla, s. XVIII-IX. Sobre la persecución de los cristianos por el emperador Decio, en el año 250.",Autoridad eclesiástica/cristiana,Bizantina cristiana,Borrador desde notas Word; pendiente relocalizar en 1601 y contrastar con 1617 solo si hace falta OCR.
151,IV,X,"De los Emperadores Valeriano, Gallieno, Claudio y Aureliano",Trebellio Polión,Trebellio Polión,,"Trebellio Polión (Trebellius Pollio) hace referencia a otro de los seis autores a los que tradicionalmente se les atribuye la autoría de la colección biográfica conocida como la Historia Augusta. Al igual que Julio Capitolino, su existencia como historiador independiente en la época que supuestamente vivió es altamente cuestionada por la crítica moderna.",Autoridad historiográfica de apoyo,Historia Augusta / autoría dudosa,Borrador desde notas Word; pendiente relocalizar en 1601 y contrastar con 1617 solo si hace falta OCR.
152,IV,XII,De los Emperadores Diocleciano y Maximiano,San Agustín,Agustín de Hipona,,"San Agustín, sobre la guerra de Diocleciano en contra de los cristinaos. Año 10 de su gobierno.",Autoridad narrativa bélica,Patrística latina,Borrador desde notas Word; pendiente relocalizar en 1601 y contrastar con 1617 solo si hace falta OCR.
153,IV,XII,De los Emperadores Diocleciano y Maximiano,Códices de Teodosio y Justiniano,Códices de Teodosio y Justiniano,,Códices de Teodosio y Justiniano. Sobre el martirio del centurión Marcello.,Autoridad historiográfica de apoyo,Jurídica tardoantigua,Borrador desde notas Word; pendiente relocalizar en 1601 y contrastar con 1617 solo si hace falta OCR.
154,IV,XII,De los Emperadores Diocleciano y Maximiano,Prudencio,Prudencio,,"Prudencio, s. IV-V. Calagurris (¿actual Calahorra?). Sobre la muerte de Santa Engracia en Zaragoza.",Autoridad eclesiástica/cristiana,Cristiana hispanorromana,Borrador desde notas Word; pendiente relocalizar en 1601 y contrastar con 1617 solo si hace falta OCR.
155,IV,XIII,En qué parte de España está Elbora,Braulio,Braulio de Zaragoza,,"Braulio, obispo de Zaragoza, escribió sobre la vida de Santa Leocadia.",Autoridad eclesiástica/cristiana,Medieval / eclesiástica hispana,Borrador desde notas Word; pendiente relocalizar en 1601 y contrastar con 1617 solo si hace falta OCR.
156,IV,XIII,En qué parte de España está Elbora,Ptolomeo,Ptolomeo,,"Ptolomeo, sobre la ciudad de Ébora.",Autoridad geográfica/toponímica,Clásica grecorromana,Borrador desde notas Word; pendiente relocalizar en 1601 y contrastar con 1617 solo si hace falta OCR.
157,IV,XIII,En qué parte de España está Elbora,Tito Livio,Tito Livio,,"Tito Livio, sobre lo mismo.",Autoridad historiográfica de apoyo,Clásica romana,Borrador desde notas Word; pendiente relocalizar en 1601 y contrastar con 1617 solo si hace falta OCR.
158,IV,XIV,La descripción de Elbora,Ptolomeo,Ptolomeo,,"Ptolomeo, Tito Livio.",Autoridad historiográfica de apoyo,Clásica grecorromana,Borrador desde notas Word; pendiente relocalizar en 1601 y contrastar con 1617 solo si hace falta OCR.
159,IV,XIV,La descripción de Elbora,Tito Livio,Tito Livio,,"Ptolomeo, Tito Livio.",Autoridad historiográfica de apoyo,Clásica romana,Borrador desde notas Word; pendiente relocalizar en 1601 y contrastar con 1617 solo si hace falta OCR.
160,IV,XIV,La descripción de Elbora,moro Rasis,Ahmad al-Razi / el moro Rasis,,"El moro Rasis ( Áhmad ibn Muhámmad ibn Mūsà al-Rāzī). Murallas de Talavera atribuidas a los visigodos. Mariana emplea al moro Rasis como contrapunto, puesto que dice, las mismas fueron levantadas por los musulmanes para defenderse de las correrías de los cristianos, en el s. X. Cuidado, incluye una cita de este autor.",Autoridad geográfica/toponímica,Andalusí / medieval,Borrador desde notas Word; pendiente relocalizar en 1601 y contrastar con 1617 solo si hace falta OCR.
161,IV,XIV,La descripción de Elbora,Escritura en el monasterio de San Clemente,Escritura del monasterio de San Clemente de Toledo,,Escritura en el monasterio de San Clemente de Toledo. ¿Es fuente primaria? No especifica cuál es.,Autoridad historiográfica de apoyo,Documental / archivo,Borrador desde notas Word; pendiente relocalizar en 1601 y contrastar con 1617 solo si hace falta OCR.
162,IV,XV,De los Emperadores Constancio y Galerio,Pietro Ricci,Pietro Crinito,,"Pietro Ricci (Crinito), s. XV-XVI. Florencia. Sobre el poeta Rufo Festo Avieno.",Autoridad historiográfica de apoyo,Humanista italiana,Borrador desde notas Word; pendiente relocalizar en 1601 y contrastar con 1617 solo si hace falta OCR.
163,IV,XV,De los Emperadores Constancio y Galerio,Rufo Festo,Sexto Rufo / Rufo Festo,,"Pietro Ricci (Crinito), s. XV-XVI. Florencia. Sobre el poeta Rufo Festo Avieno.",Autoridad historiográfica de apoyo,Tardorromana / compendio,Borrador desde notas Word; pendiente relocalizar en 1601 y contrastar con 1617 solo si hace falta OCR.
164,IV,XVI,Del Emperador Constantino Magno,Moro Rasis,Ahmad al-Razi / el moro Rasis,,"Moro Rasis, sobre la división en diócesis de Constantino.",Autoridad historiográfica de apoyo,Andalusí / medieval,Borrador desde notas Word; pendiente relocalizar en 1601 y contrastar con 1617 solo si hace falta OCR.
165,IV,XVI,Del Emperador Constantino Magno,Eusebio Cesariense,Eusebio de Cesarea,,Eusebio Cesariense → escribe fábulas. ¿Autor desacreditado por Mariana?,Fuente problemática o usada críticamente,Cristiana tardoantigua,Borrador desde notas Word; pendiente relocalizar en 1601 y contrastar con 1617 solo si hace falta OCR. Caso crítico/problemático.
166,IV,XVII,De los hijos del gran Constantino,San Jerónimo,Jerónimo,,"San Jerónimo, sobre el concilio de Armino (concilio Ariminense, actual Rímini), donde unos prelados arrianos engañan a otros tantos católicos para convertirlos a su secta (arrianismo considerado como secta o herejía).",Autoridad eclesiástica/cristiana,Patrística latina,Borrador desde notas Word; pendiente relocalizar en 1601 y contrastar con 1617 solo si hace falta OCR.
167,IV,XVII,De los hijos del gran Constantino,arriano,Arriano,,"San Jerónimo, sobre el concilio de Armino (concilio Ariminense, actual Rímini), donde unos prelados arrianos engañan a otros tantos católicos para convertirlos a su secta (arrianismo considerado como secta o herejía).",Autoridad eclesiástica/cristiana,Clásica griega,Borrador desde notas Word; pendiente relocalizar en 1601 y contrastar con 1617 solo si hace falta OCR.
168,IV,XVII,De los hijos del gran Constantino,San Idisoro,Isidoro de Sevilla,,"San Idisoro, toma el testimonio de Marcelino presbítero en sus biografías de hombres ilustres. Habla de San Hilario de Osio (En principio es San Hilario de Poitiers, defensor del catolicismo frente al arrianismo en el siglo IV.)",Autoridad historiográfica de apoyo,Medieval / patrística hispana,Borrador desde notas Word; pendiente relocalizar en 1601 y contrastar con 1617 solo si hace falta OCR.
169,IV,XIX,De los Emperadores Valentiniano y Valente,Amiano Marcellino,Amiano Marcelino,,"Amiano Marcellino, s. IV-V. Según Mariana era Español, pero fuentes actuales concuerdan que era de Antioquía, Siria. Sobre las revueltas ocurridas tras la muerte del Papa Liberio y la elección de un nuevo pontífice (año 366).",Autoridad cronológica,Tardorromana,Borrador desde notas Word; pendiente relocalizar en 1601 y contrastar con 1617 solo si hace falta OCR.
170,IV,XIX,De los Emperadores Valentiniano y Valente,Marcellino,Amiano Marcelino,,"De nuevo Marcellino, que lo emplea como fuente para tratar este periodo: Cuestiones eclesiásticas acontecidas durante el gobierno de Valente.",Autoridad historiográfica de apoyo,Tardorromana,Borrador desde notas Word; pendiente relocalizar en 1601 y contrastar con 1617 solo si hace falta OCR.
171,IV,XX,"De los Emperadores Graciano, Valentiniano y Teodosio",Severo Sulpicio,Sulpicio Severo,,"Severo Sulpicio, una sentencia referente a la excomunión de varios eclesiásticos, comunicada a Itacio obispo Sossubense. Habla de la controversia prisciliana de finales del siglo IV.",Autoridad eclesiástica/cristiana,Cristiana tardoantigua,Borrador desde notas Word; pendiente relocalizar en 1601 y contrastar con 1617 solo si hace falta OCR.
172,IV,XX,"De los Emperadores Graciano, Valentiniano y Teodosio",San Isidoro,Isidoro de Sevilla,,"San Isidoro y Sigiberto (Sigeberto de Gembloux, s. XI-XII). Discuten la procedencia del obispo Itacio. San Isidoro dice que es Español, Sigiberto que era de Lamego. En cualquier caso, parece que era portugués (buscar una fuente que lo acredite, lo mismo para otros casos).",Autoridad eclesiástica/cristiana,Medieval / patrística hispana,Borrador desde notas Word; pendiente relocalizar en 1601 y contrastar con 1617 solo si hace falta OCR.
173,IV,XX,"De los Emperadores Graciano, Valentiniano y Teodosio",Sigiberto,Sigeberto de Gembloux,,"San Isidoro y Sigiberto (Sigeberto de Gembloux, s. XI-XII). Discuten la procedencia del obispo Itacio. San Isidoro dice que es Español, Sigiberto que era de Lamego. En cualquier caso, parece que era portugués (buscar una fuente que lo acredite, lo mismo para otros casos).",Autoridad eclesiástica/cristiana,Medieval cristiana,Borrador desde notas Word; pendiente relocalizar en 1601 y contrastar con 1617 solo si hace falta OCR.
174,IV,XX,"De los Emperadores Graciano, Valentiniano y Teodosio",San Isidoro,Isidoro de Sevilla,,"San Isidoro, sobre el destierro de Itacio e Idacio. Herejes.",Autoridad eclesiástica/cristiana,Medieval / patrística hispana,Borrador desde notas Word; pendiente relocalizar en 1601 y contrastar con 1617 solo si hace falta OCR.
175,IV,XX,"De los Emperadores Graciano, Valentiniano y Teodosio",San Isidoro,Isidoro de Sevilla,,"San Isidoro, sobre una epístola escrita por el papa Siricio a Himerio, obispo de Tarragona. Muy importante, empleada en el primer concilio de Toledo, y mencionada por el propio Isidoro en sus biografías de hombres ilustres.",Autoridad eclesiástica/cristiana,Medieval / patrística hispana,Borrador desde notas Word; pendiente relocalizar en 1601 y contrastar con 1617 solo si hace falta OCR.
176,IV,XX,"De los Emperadores Graciano, Valentiniano y Teodosio",Claudiano,Claudiano,,"Claudiano, poeta, s. IV-V, Alejandría. Narra la batalla del Frígido, entre el emperador Teodosio I y el usurpador Eugenio. En el 394.",Autoridad narrativa bélica,Tardorromana / poesía,Borrador desde notas Word; pendiente relocalizar en 1601 y contrastar con 1617 solo si hace falta OCR.
177,IV,XXI,De los Emperadores Arcadio y Honorio,San Ildefonso,Ildefonso de Toledo,,"Habla de San Ildefonso, y una obra titulada claros varones. Posiblemente es una confusión, y se refiere a Hernando del Pulgar, s. XV, posiblemente toledano, que escribió → Claros varones de Castilla.",Autoridad bibliográfica o de transmisión textual,Medieval / eclesiástica hispana,Borrador desde notas Word; pendiente relocalizar en 1601 y contrastar con 1617 solo si hace falta OCR. Identificación insegura en las notas.
178,IV,XXI,De los Emperadores Arcadio y Honorio,Hernando del Pulgar,Hernando del Pulgar,,"Habla de San Ildefonso, y una obra titulada claros varones. Posiblemente es una confusión, y se refiere a Hernando del Pulgar, s. XV, posiblemente toledano, que escribió → Claros varones de Castilla.",Autoridad bibliográfica o de transmisión textual,Humanista castellana,Borrador desde notas Word; pendiente relocalizar en 1601 y contrastar con 1617 solo si hace falta OCR. Identificación insegura en las notas.
179,IV,XXI,De los Emperadores Arcadio y Honorio,Paulo Orosio,Paulo Orosio,,"Paulo Orosio y Próspero Aquitanio, s. IV-V, en Aquitania (Francia). Sobre el año exacto del saqueo de Roma, 410. Aunque estos autores añaden dos más, ergo, 412. Empleados por Mariana para contrastar las fechas, o, como mínimo, para indicar que no todos los autores concuerdan.",Autoridad cronológica,Tardorromana cristiana,Borrador desde notas Word; pendiente relocalizar en 1601 y contrastar con 1617 solo si hace falta OCR.
180,IV,XXI,De los Emperadores Arcadio y Honorio,Próspero Aquitanio,Próspero de Aquitania,,"Paulo Orosio y Próspero Aquitanio, s. IV-V, en Aquitania (Francia). Sobre el año exacto del saqueo de Roma, 410. Aunque estos autores añaden dos más, ergo, 412. Empleados por Mariana para contrastar las fechas, o, como mínimo, para indicar que no todos los autores concuerdan.",Autoridad cronológica,Cristiana tardoantigua,Borrador desde notas Word; pendiente relocalizar en 1601 y contrastar con 1617 solo si hace falta OCR.
